,1. open,2. high,3. low,4. close,5. adjusted close,6. volume,7. dividend amount,8. split coefficient
2019-07-15,14.2200,14.9500,13.9100,14.8800,14.8800,4564812,0.0000,1.0000
2019-07-12,15.1500,15.1600,14.1000,14.2400,14.2400,8861229,0.0000,1.0000
2019-07-11,15.4600,15.8500,15.0250,15.1500,15.1500,3925424,0.0000,1.0000
2019-07-10,15.5600,15.7400,15.2800,15.2900,15.2900,2005253,0.0000,1.0000
2019-07-09,14.9800,15.6700,14.8800,15.5300,15.5300,2886273,0.0000,1.0000
2019-07-08,15.1700,15.2000,14.9200,15.1000,15.1000,2566721,0.0000,1.0000
2019-07-05,15.1500,15.3500,14.9635,15.2900,15.2900,2010719,0.0000,1.0000
2019-07-03,15.4800,15.5400,14.8300,15.2400,15.2400,3951416,0.0000,1.0000
2019-07-02,16.0300,16.0300,15.4000,15.5100,15.5100,3419685,0.0000,1.0000
2019-07-01,16.2500,16.3400,15.6000,16.0200,16.0200,3332788,0.0000,1.0000
2019-06-28,16.1000,16.3514,15.8200,15.9800,15.9800,3131240,0.0000,1.0000
2019-06-27,15.9000,16.4500,15.8300,15.9700,15.9700,4453524,0.0000,1.0000
2019-06-26,15.8200,16.0100,15.6450,15.8700,15.8700,2033977,0.0000,1.0000
2019-06-25,16.0600,16.1200,15.6100,15.7900,15.7900,3017876,0.0000,1.0000
2019-06-24,15.9300,16.1200,15.3700,16.0900,16.0900,3989708,0.0000,1.0000
2019-06-21,15.9100,16.0750,15.2500,15.9400,15.9400,6639255,0.0000,1.0000
2019-06-20,16.1700,16.9000,16.1000,16.4300,16.4300,7136110,0.0000,1.0000
2019-06-19,15.7100,16.1700,15.6200,15.8500,15.8500,3791691,0.0000,1.0000
2019-06-18,15.9800,16.1000,15.5300,15.7100,15.7100,3576926,0.0000,1.0000
2019-06-17,15.4400,15.9700,15.0200,15.8500,15.8500,4348719,0.0000,1.0000
2019-06-14,16.1600,16.2000,15.3600,15.4400,15.4400,5706018,0.0000,1.0000
2019-06-13,17.1800,17.4600,16.1700,16.3600,16.3600,5658373,0.0000,1.0000
2019-06-12,16.8400,17.3300,16.6900,17.1000,17.1000,3462231,0.0000,1.0000
2019-06-11,17.7300,17.8600,16.5800,16.9700,16.9700,5717279,0.0000,1.0000
2019-06-10,16.3100,17.5500,16.2500,17.3900,17.3900,9728882,0.0000,1.0000
2019-06-07,15.8200,16.2700,15.7500,15.9400,15.9400,4449693,0.0000,1.0000
2019-06-06,16.0000,16.2200,15.3100,15.7700,15.7700,5726306,0.0000,1.0000
2019-06-05,15.9700,16.7000,15.2300,15.9900,15.9900,17770190,0.0000,1.0000
2019-06-04,13.7400,14.4500,13.6492,14.4200,14.4200,4066310,0.0000,1.0000
2019-06-03,13.9400,14.3500,13.5100,13.5800,13.5800,4273861,0.0000,1.0000
2019-05-31,14.7100,14.8500,13.9000,14.0800,14.0800,5719338,0.0000,1.0000
2019-05-30,15.3000,15.6600,14.8200,14.9000,14.9000,3324634,0.0000,1.0000
2019-05-29,15.6000,15.7000,14.9000,15.2400,15.2400,3866682,0.0000,1.0000
2019-05-28,15.7700,16.1700,15.5065,15.6500,15.6500,4206091,0.0000,1.0000
2019-05-24,15.4900,16.0300,15.3300,15.3800,15.3800,3621656,0.0000,1.0000
2019-05-23,15.8800,16.1100,15.1700,15.3700,15.3700,4260822,0.0000,1.0000
2019-05-22,15.6600,16.5500,15.4000,16.1300,16.1300,5779030,0.0000,1.0000
2019-05-21,14.8500,15.6700,14.8500,15.6000,15.6000,4667136,0.0000,1.0000
2019-05-20,14.8800,14.9800,14.4493,14.7500,14.7500,1859244,0.0000,1.0000
2019-05-17,14.9900,15.3500,14.7937,14.9300,14.9300,3197089,0.0000,1.0000
2019-05-16,15.2500,15.4300,15.0700,15.1800,15.1800,3233719,0.0000,1.0000
2019-05-15,15.2300,15.3300,14.7200,15.1500,15.1500,4125753,0.0000,1.0000
2019-05-14,14.5700,15.6000,14.5700,15.2400,15.2400,6442360,0.0000,1.0000
2019-05-13,15.1700,15.3500,14.0500,14.2500,14.2500,6082264,0.0000,1.0000
2019-05-10,14.1900,15.4000,14.1500,15.4000,15.4000,10430853,0.0000,1.0000
2019-05-09,15.7600,15.9000,13.9000,14.0900,14.0900,10025910,0.0000,1.0000
2019-05-08,15.3000,15.8300,15.0700,15.4600,15.4600,4855282,0.0000,1.0000
2019-05-07,16.0800,16.3700,15.2600,15.4400,15.4400,4613874,0.0000,1.0000
2019-05-06,16.0700,16.3800,15.8200,16.3400,16.3400,3875372,0.0000,1.0000
2019-05-03,16.7300,16.9300,16.4400,16.5700,16.5700,3386070,0.0000,1.0000
2019-05-02,16.9500,17.0440,16.1800,16.6800,16.6800,4430125,0.0000,1.0000
2019-05-01,17.3400,17.3700,16.8100,17.0600,17.0600,3982203,0.0000,1.0000
2019-04-30,17.0200,17.6700,16.8400,17.1600,17.1600,5408641,0.0000,1.0000
2019-04-29,17.1700,17.4500,16.6600,17.0100,17.0100,5500233,0.0000,1.0000
2019-04-26,16.4100,17.4000,16.3505,17.1600,17.1600,5950888,0.0000,1.0000
2019-04-25,16.6000,16.7900,16.2800,16.5200,16.5200,3729502,0.0000,1.0000
2019-04-24,16.2400,17.1700,16.1400,16.5900,16.5900,5852921,0.0000,1.0000
2019-04-23,16.8500,16.9000,16.0500,16.2800,16.2800,6468841,0.0000,1.0000
2019-04-22,15.7000,17.0000,15.5500,16.8600,16.8600,7373338,0.0000,1.0000
2019-04-18,16.6000,17.1200,15.6507,15.7500,15.7500,8986088,0.0000,1.0000
2019-04-17,15.5600,16.1100,15.5300,15.9200,15.9200,6146824,0.0000,1.0000
2019-04-16,15.7200,16.3900,15.7000,15.7900,15.7900,7022895,0.0000,1.0000
2019-04-15,16.7400,17.1200,15.4700,15.7800,15.7800,9608360,0.0000,1.0000
2019-04-12,17.0000,17.6500,16.8300,17.0400,17.0400,6490843,0.0000,1.0000
2019-04-11,17.9700,18.0400,16.6000,16.8500,16.8500,8458473,0.0000,1.0000
2019-04-10,17.4800,18.1385,17.4700,18.0200,18.0200,3455185,0.0000,1.0000
2019-04-09,17.4200,17.9313,17.3100,17.7000,17.7000,4211010,0.0000,1.0000
2019-04-08,18.3500,18.4200,17.4800,17.5600,17.5600,6756083,0.0000,1.0000
2019-04-05,18.3800,18.5300,18.1500,18.4000,18.4000,3131585,0.0000,1.0000
2019-04-04,18.1000,18.5700,18.1000,18.2700,18.2700,3243256,0.0000,1.0000
2019-04-03,18.0700,18.6200,17.8800,18.1600,18.1600,4637142,0.0000,1.0000
2019-04-02,18.5000,18.7600,18.1100,18.2600,18.2600,4585313,0.0000,1.0000
2019-04-01,18.6000,18.6800,18.0700,18.6100,18.6100,5302188,0.0000,1.0000
2019-03-29,19.0000,19.2400,18.2100,18.4300,18.4300,6708243,0.0000,1.0000
2019-03-28,17.7500,19.2800,17.2400,18.8400,18.8400,13586874,0.0000,1.0000
2019-03-27,19.5700,19.9200,17.7100,18.2400,18.2400,18418039,0.0000,1.0000
2019-03-26,19.6500,20.7400,19.3000,20.2400,20.2400,15741928,0.0000,1.0000
2019-03-25,19.3300,21.1000,19.3000,20.5300,20.5300,16209762,0.0000,1.0000
2019-03-22,20.4900,20.5900,19.2200,19.2300,19.2300,10049131,0.0000,1.0000
2019-03-21,21.2900,21.5100,20.5200,20.5400,20.5400,7140830,0.0000,1.0000
2019-03-20,21.3800,21.8800,21.0300,21.2600,21.2600,5634856,0.0000,1.0000
2019-03-19,21.8900,22.0400,21.2400,21.4800,21.4800,6276058,0.0000,1.0000
2019-03-18,21.0000,21.7500,20.9900,21.6900,21.6900,6403077,0.0000,1.0000
2019-03-15,20.8200,21.0900,20.4700,21.0000,21.0000,5623586,0.0000,1.0000
2019-03-14,21.1400,21.4100,20.3600,20.8200,20.8200,7201759,0.0000,1.0000
2019-03-13,21.6000,22.3400,21.0100,21.1400,21.1400,9828912,0.0000,1.0000
2019-03-12,20.9500,22.0400,20.5265,21.3700,21.3700,9742462,0.0000,1.0000
2019-03-11,21.3900,21.8700,20.5676,20.9200,20.9200,11959629,0.0000,1.0000
2019-03-08,21.5400,22.1700,21.0910,21.7400,21.7400,8609903,0.0000,1.0000
2019-03-07,22.3500,23.1499,22.0500,22.3100,22.3100,9212390,0.0000,1.0000
2019-03-06,23.2700,24.3700,22.0100,22.7900,22.7900,15848223,0.0000,1.0000
2019-03-05,21.1400,23.9400,21.0200,23.7000,23.7000,20790448,0.0000,1.0000
2019-03-04,21.6900,22.0000,20.6700,21.4600,21.4600,9932478,0.0000,1.0000
2019-03-01,22.0200,22.2700,21.5100,21.7100,21.7100,7982446,0.0000,1.0000
2019-02-28,21.4400,22.2300,21.1603,21.6400,21.6400,10281525,0.0000,1.0000
2019-02-27,21.5900,21.7700,20.7000,21.3300,21.3300,10527537,0.0000,1.0000
2019-02-26,19.8200,21.9100,19.5000,21.6400,21.6400,17948105,0.0000,1.0000
2019-02-25,21.2000,21.4000,20.1600,20.2500,20.2500,15437637,0.0000,1.0000
2019-02-22,22.8300,22.9600,21.1400,21.9200,21.9200,18080750,0.0000,1.0000
2019-02-21,22.3400,22.9569,22.2300,22.4700,22.4700,12479212,0.0000,1.0000
2019-02-20,21.6000,22.4900,21.4600,22.2300,22.2300,16279068,0.0000,1.0000
2019-02-19,21.1000,21.9800,21.0400,21.6100,21.6100,12273068,0.0000,1.0000
2019-02-15,21.4600,21.8400,20.8500,21.2900,21.2900,16070346,0.0000,1.0000
2019-02-14,20.3000,20.9600,20.1900,20.8200,20.8200,13966324,0.0000,1.0000
2019-02-13,20.0500,20.7800,19.6800,20.4500,20.4500,17285464,0.0000,1.0000
2019-02-12,19.0000,20.5900,18.8600,19.6700,19.6700,24418623,0.0000,1.0000
2019-02-11,20.2300,20.4400,19.2600,19.4400,19.4400,23051380,0.0000,1.0000
2019-02-08,21.6200,22.0500,19.4300,19.5500,19.5500,30898104,0.0000,1.0000
2019-02-07,19.0000,21.4400,18.7200,21.4200,21.4200,36940165,0.0000,1.0000
2019-02-06,20.8000,21.6000,19.3100,19.6500,19.6500,32503892,0.0000,1.0000
2019-02-05,22.3500,23.9600,20.5600,21.8300,21.8300,55485179,0.0000,1.0000
2019-02-04,21.8200,25.1000,21.3000,23.2500,23.2500,67620336,0.0000,1.0000
2019-02-01,20.2500,21.7900,20.1000,20.8100,20.8100,48676298,0.0000,1.0000
2019-01-31,18.6500,20.3500,18.3800,19.6800,19.6800,29701695,0.0000,1.0000
2019-01-30,18.1400,19.2000,17.6703,18.4300,18.4300,22137670,0.0000,1.0000
2019-01-29,18.4800,19.4800,17.3300,18.1500,18.1500,42470992,0.0000,1.0000
2019-01-28,16.0100,18.5500,15.7300,18.4800,18.4800,35951792,0.0000,1.0000
2019-01-25,16.2000,16.3000,15.4600,16.0200,16.0200,14670737,0.0000,1.0000
2019-01-24,14.4300,15.7500,14.4200,15.7000,15.7000,12830490,0.0000,1.0000
2019-01-23,15.3100,15.4800,14.0900,14.7200,14.7200,12729117,0.0000,1.0000
2019-01-22,15.2000,16.0700,14.8100,15.0700,15.0700,21302821,0.0000,1.0000
2019-01-18,13.9700,15.1900,13.9400,14.9000,14.9000,23020837,0.0000,1.0000
2019-01-17,13.3400,13.9100,13.1300,13.6600,13.6600,5803461,0.0000,1.0000
2019-01-16,13.1600,13.4900,12.9207,13.4200,13.4200,5305480,0.0000,1.0000
2019-01-15,13.8500,13.9500,12.7500,13.0500,13.0500,9462156,0.0000,1.0000
2019-01-14,13.6500,14.1500,13.5000,13.7600,13.7600,9570581,0.0000,1.0000
2019-01-11,13.0400,13.9900,12.8900,13.6700,13.6700,10385762,0.0000,1.0000
2019-01-10,12.9300,13.5400,12.5900,13.0600,13.0600,9848046,0.0000,1.0000
2019-01-09,12.3100,13.0500,12.2100,12.9800,12.9800,7436759,0.0000,1.0000
2019-01-08,12.5700,12.7200,12.1600,12.3600,12.3600,6035089,0.0000,1.0000
2019-01-07,11.8800,12.4200,11.7144,12.4000,12.4000,5250381,0.0000,1.0000
2019-01-04,11.8800,12.0999,11.6500,11.7800,11.7800,6284279,0.0000,1.0000
2019-01-03,11.3100,12.1900,11.0800,11.5400,11.5400,9190758,0.0000,1.0000
2019-01-02,10.2500,11.4400,10.2500,11.3100,11.3100,6345323,0.0000,1.0000
2018-12-31,10.6100,10.7227,10.2500,10.3900,10.3900,2837654,0.0000,1.0000
2018-12-28,10.4000,10.6700,10.0400,10.4200,10.4200,4141667,0.0000,1.0000
2018-12-27,10.1500,10.3200,9.8505,10.3200,10.3200,3541206,0.0000,1.0000
2018-12-26,10.2500,10.4000,9.8600,10.1800,10.1800,3875254,0.0000,1.0000
2018-12-24,9.6000,10.3850,9.5600,10.1000,10.1000,3454599,0.0000,1.0000
2018-12-21,11.3000,11.3900,10.0000,10.2100,10.2100,6911638,0.0000,1.0000
2018-12-20,11.2000,11.5868,10.6800,11.1300,11.1300,6238578,0.0000,1.0000
2018-12-19,11.5400,11.8100,11.0600,11.1700,11.1700,6066998,0.0000,1.0000
2018-12-18,11.2800,11.7200,11.0900,11.5400,11.5400,6173884,0.0000,1.0000
2018-12-17,11.1800,11.7300,10.9200,11.1300,11.1300,7125514,0.0000,1.0000
2018-12-14,11.1900,11.7362,11.0700,11.2800,11.2800,6335403,0.0000,1.0000
2018-12-13,11.8500,11.9900,11.0600,11.3800,11.3800,9850920,0.0000,1.0000
2018-12-12,12.8000,12.8100,11.8100,11.9200,11.9200,11365879,0.0000,1.0000
2018-12-11,12.9500,13.0600,12.5500,12.8200,12.8200,11225515,0.0000,1.0000
2018-12-10,12.9300,13.1500,12.2800,12.8800,12.8800,20064237,0.0000,1.0000
2018-12-07,13.5700,13.9500,12.3600,12.7200,12.7200,55482148,0.0000,1.0000
2018-12-06,9.9200,10.5650,9.7600,10.4500,10.4500,12016330,0.0000,1.0000
2018-12-04,10.9700,11.2000,10.3800,10.7400,10.7400,26371035,0.0000,1.0000
2018-12-03,9.2500,11.8900,8.5100,10.1700,10.1700,45161948,0.0000,1.0000
2018-11-30,8.8800,9.2200,8.6300,9.1500,9.1500,5552175,0.0000,1.0000
2018-11-29,8.6800,9.0000,8.4000,8.9100,8.9100,3900589,0.0000,1.0000
2018-11-28,8.3200,8.7000,8.3000,8.7000,8.7000,4339840,0.0000,1.0000
2018-11-27,8.2000,8.5585,8.0900,8.2900,8.2900,4093249,0.0000,1.0000
2018-11-26,8.8500,9.0400,8.2100,8.3300,8.3300,4924046,0.0000,1.0000
2018-11-23,8.5400,8.8600,8.4100,8.8100,8.8100,2680766,0.0000,1.0000
2018-11-21,8.3700,8.7500,8.3600,8.5300,8.5300,4122329,0.0000,1.0000
2018-11-20,7.8500,8.6738,7.7000,8.2000,8.2000,6192093,0.0000,1.0000
2018-11-19,8.6600,8.6600,8.0200,8.2400,8.2400,4327405,0.0000,1.0000
2018-11-16,8.5400,9.0800,8.4400,8.5600,8.5600,5829771,0.0000,1.0000
2018-11-15,7.9100,8.9099,7.8700,8.5900,8.5900,8854556,0.0000,1.0000
2018-11-14,8.0000,8.2300,7.5200,8.1200,8.1200,6759517,0.0000,1.0000
2018-11-13,7.7500,8.5500,7.5500,8.3100,8.3100,8481215,0.0000,1.0000
2018-11-12,8.7500,8.8400,7.9900,8.4500,8.4500,8335840,0.0000,1.0000
2018-11-09,8.8000,8.9300,8.4100,8.5500,8.5500,5777294,0.0000,1.0000
2018-11-08,9.5000,9.5800,8.8200,8.9400,8.9400,9214991,0.0000,1.0000
2018-11-07,9.5500,9.9500,8.7200,9.8100,9.8100,22898709,0.0000,1.0000
2018-11-06,8.2500,9.5800,8.1500,9.0500,9.0500,17357042,0.0000,1.0000
2018-11-05,8.0500,8.3200,7.7600,8.2500,8.2500,4725063,0.0000,1.0000
2018-11-02,7.7700,8.0750,7.5800,8.0600,8.0600,6923884,0.0000,1.0000
2018-11-01,7.6300,7.7700,7.2200,7.7000,7.7000,6241457,0.0000,1.0000
2018-10-31,7.2800,7.6285,7.1000,7.4200,7.4200,8298680,0.0000,1.0000
2018-10-30,6.5000,7.2629,6.5000,7.0500,7.0500,7104572,0.0000,1.0000
2018-10-29,7.9400,8.0399,6.6000,6.8000,6.8000,11982715,0.0000,1.0000
2018-10-26,7.8800,8.2200,7.7000,7.7800,7.7800,8332196,0.0000,1.0000
2018-10-25,7.7000,8.4800,7.6500,8.1100,8.1100,9625627,0.0000,1.0000
2018-10-24,8.6100,8.7400,7.6200,7.6300,7.6300,7567359,0.0000,1.0000
2018-10-23,7.6500,8.8800,7.5100,8.3400,8.3400,14152439,0.0000,1.0000
2018-10-22,9.6900,9.8800,8.2301,8.5200,8.5200,14205845,0.0000,1.0000
2018-10-19,10.9300,11.3200,9.6100,9.7100,9.7100,17006664,0.0000,1.0000
2018-10-18,10.7800,11.1600,10.4500,10.7200,10.7200,10604257,0.0000,1.0000
2018-10-17,10.7500,11.2000,10.1200,10.6500,10.6500,18999506,0.0000,1.0000
2018-10-16,12.9800,13.0000,10.9500,11.5200,11.5200,53570830,0.0000,1.0000
2018-10-15,10.4100,11.7500,10.0500,11.7400,11.7400,26412418,0.0000,1.0000
2018-10-12,9.3900,9.9000,9.3100,9.8600,9.8600,8508794,0.0000,1.0000
2018-10-11,9.4100,9.5100,8.9400,9.0500,9.0500,7953097,0.0000,1.0000
2018-10-10,9.4000,10.0800,8.6800,9.6000,9.6000,16072755,0.0000,1.0000
2018-10-09,9.5600,9.6000,9.3200,9.3400,9.3400,5809533,0.0000,1.0000
2018-10-08,9.3700,9.9300,9.3300,9.7000,9.7000,6234636,0.0000,1.0000
2018-10-05,10.2200,10.4200,9.4000,9.7700,9.7700,9418198,0.0000,1.0000
2018-10-04,10.6200,10.6699,9.9400,10.2200,10.2200,8406168,0.0000,1.0000
2018-10-03,10.7000,10.8400,10.2100,10.6900,10.6900,11372008,0.0000,1.0000
2018-10-02,11.1500,11.3200,10.6500,10.7200,10.7200,9977591,0.0000,1.0000
2018-10-01,11.9000,11.9900,11.0450,11.3200,11.3200,13351553,0.0000,1.0000
2018-09-28,10.8800,11.4000,10.8600,11.1200,11.1200,10970450,0.0000,1.0000
2018-09-27,11.0100,11.4700,10.8500,10.9400,10.9400,12005422,0.0000,1.0000
2018-09-26,11.5000,11.6000,10.8200,11.1300,11.1300,14686521,0.0000,1.0000
2018-09-25,12.2017,12.4000,11.3900,11.4700,11.4700,16341531,0.0000,1.0000
2018-09-24,11.8000,12.5500,11.6500,11.8600,11.8600,13661100,0.0000,1.0000
2018-09-21,13.2700,13.4800,12.2800,12.5100,12.5100,24915844,0.0000,1.0000
2018-09-20,13.3200,14.0000,12.7100,13.7500,13.7500,54639318,0.0000,1.0000
2018-09-19,12.9700,15.3000,11.6000,12.6900,12.6900,129502113,0.0000,1.0000
2018-09-18,10.5800,12.1416,10.4400,11.5600,11.5600,39679956,0.0000,1.0000
2018-09-17,10.6400,10.7000,10.0600,10.1800,10.1800,11247948,0.0000,1.0000
2018-09-14,9.3600,10.8200,9.2600,10.3800,10.3800,20704789,0.0000,1.0000
2018-09-13,11.3200,11.3700,10.0000,10.1100,10.1100,20753882,0.0000,1.0000
2018-09-12,11.8000,12.0300,10.7700,11.2700,11.2700,21845825,0.0000,1.0000
2018-09-11,11.9600,12.1600,11.6100,11.9900,11.9900,17828970,0.0000,1.0000
2018-09-10,12.3500,12.4600,11.8600,12.1000,12.1000,21122891,0.0000,1.0000
2018-09-07,11.4500,12.4400,11.2001,11.9900,11.9900,24086862,0.0000,1.0000
2018-09-06,11.9000,12.0000,10.9101,11.6200,11.6200,30731988,0.0000,1.0000
2018-09-05,13.1700,13.3900,11.3000,12.4500,12.4500,83070050,0.0000,1.0000
2018-09-04,10.9000,11.4100,10.6100,11.1500,11.1500,45906604,0.0000,1.0000
2018-08-31,8.8500,10.2900,8.5400,9.8800,9.8800,43594194,0.0000,1.0000
2018-08-30,12.0900,12.1500,8.8200,9.1200,9.1200,81548157,0.0000,1.0000
2018-08-29,12.0100,12.7900,11.5500,12.7400,12.7400,41523658,0.0000,1.0000
2018-08-28,11.6900,12.1600,10.3600,11.0800,11.0800,43406625,0.0000,1.0000
2018-08-27,11.8200,12.8900,11.5500,12.0400,12.0400,67986579,0.0000,1.0000
2018-08-24,8.9100,10.1000,8.8600,9.9400,9.9400,36067526,0.0000,1.0000
2018-08-23,8.1600,8.7200,8.0100,8.5400,8.5400,13458831,0.0000,1.0000
2018-08-22,8.0900,8.4490,7.6200,8.1600,8.1600,14323962,0.0000,1.0000
2018-08-21,8.2200,8.7800,7.7200,8.2900,8.2900,31970733,0.0000,1.0000
2018-08-20,6.7100,7.6700,6.6260,7.3200,7.3200,13292937,0.0000,1.0000
2018-08-17,6.3400,6.6900,6.2210,6.5400,6.5400,3043091,0.0000,1.0000
2018-08-16,6.3400,6.6400,6.1700,6.3200,6.3200,3221264,0.0000,1.0000
2018-08-15,6.0800,6.5500,5.8800,6.3800,6.3800,7531029,0.0000,1.0000
2018-08-14,5.9200,5.9500,5.6100,5.6500,5.6500,2619867,0.0000,1.0000
2018-08-13,6.0200,6.0200,5.6300,5.8300,5.8300,2175401,0.0000,1.0000
2018-08-10,6.0800,6.1000,5.9100,5.9600,5.9600,1248866,0.0000,1.0000
2018-08-09,5.9700,6.1000,5.8800,6.1000,6.1000,2104542,0.0000,1.0000
2018-08-08,5.6500,5.8500,5.6400,5.7700,5.7700,1289265,0.0000,1.0000
2018-08-07,5.8800,5.9500,5.6700,5.7200,5.7200,1875624,0.0000,1.0000
2018-08-06,5.8800,6.0400,5.8700,5.8800,5.8800,1307521,0.0000,1.0000
2018-08-03,5.9300,6.0800,5.8100,5.8600,5.8600,1432317,0.0000,1.0000
2018-08-02,5.7800,6.0600,5.7800,6.0200,6.0200,1484646,0.0000,1.0000
2018-08-01,6.2200,6.2900,5.7700,5.7800,5.7800,1754414,0.0000,1.0000
2018-07-31,5.8300,6.1700,5.6400,6.0500,6.0500,2407536,0.0000,1.0000
2018-07-30,6.2200,6.3350,5.8700,5.9200,5.9200,2347559,0.0000,1.0000
2018-07-27,6.1800,6.3000,6.1300,6.2300,6.2300,1341082,0.0000,1.0000
2018-07-26,6.2500,6.2889,6.1100,6.1400,6.1400,1578188,0.0000,1.0000
2018-07-25,6.2500,6.4040,6.1410,6.2900,6.2900,1411198,0.0000,1.0000
2018-07-24,6.5400,6.5400,6.1000,6.2700,6.2700,2575760,0.0000,1.0000
2018-07-23,6.5000,6.6800,6.4000,6.4600,6.4600,1930140,0.0000,1.0000
2018-07-20,6.7900,6.8400,6.5100,6.5400,6.5400,2031508,0.0000,1.0000
2018-07-19,6.7600,6.8400,6.6900,6.8300,6.8300,1175292,0.0000,1.0000
2018-07-18,6.9500,6.9800,6.7500,6.7800,6.7800,1270935,0.0000,1.0000
2018-07-17,6.7100,6.9300,6.5700,6.9200,6.9200,1694341,0.0000,1.0000
2018-07-16,7.1000,7.1000,6.6600,6.7300,6.7300,2145091,0.0000,1.0000
2018-07-13,7.1000,7.1000,6.9200,7.0600,7.0600,1577144,0.0000,1.0000
2018-07-12,7.0500,7.1200,6.9800,7.0500,7.0500,1668854,0.0000,1.0000
2018-07-11,6.9200,7.0500,6.8100,6.9700,6.9700,1363315,0.0000,1.0000
2018-07-10,6.9800,7.1900,6.9100,6.9800,6.9800,2409518,0.0000,1.0000
2018-07-09,6.9500,7.0700,6.9100,6.9500,6.9500,1902265,0.0000,1.0000
2018-07-06,6.9700,6.9800,6.7600,6.9600,6.9600,1364187,0.0000,1.0000
2018-07-05,6.8900,7.0000,6.8500,6.9700,6.9700,1673348,0.0000,1.0000
2018-07-03,6.9800,6.9800,6.6500,6.7800,6.7800,1705073,0.0000,1.0000
2018-07-02,6.6200,7.0407,6.5500,6.9600,6.9600,3169061,0.0000,1.0000
2018-06-29,6.5200,6.7400,6.4000,6.5200,6.5200,2744270,0.0000,1.0000
2018-06-28,6.3200,6.6000,6.2001,6.4200,6.4200,2982303,0.0000,1.0000
2018-06-27,6.6500,6.7700,6.0900,6.1800,6.1800,5461149,0.0000,1.0000
2018-06-26,6.9200,6.9800,6.6300,6.7900,6.7900,3740231,0.0000,1.0000
2018-06-25,7.3000,7.3000,6.8700,6.9000,6.9000,4233431,0.0000,1.0000
2018-06-22,7.7700,8.1100,7.1500,7.2400,7.2400,7541745,0.0000,1.0000
2018-06-21,7.2500,7.8534,7.2500,7.6700,7.6700,8154221,0.0000,1.0000
2018-06-20,7.2000,7.3990,6.8700,7.2200,7.2200,7029862,0.0000,1.0000
2018-06-19,6.7400,6.9800,6.5100,6.8600,6.8600,3766682,0.0000,1.0000
2018-06-18,6.9800,6.9800,6.7000,6.7800,6.7800,2722203,0.0000,1.0000
2018-06-15,6.8400,7.0486,6.8050,7.0200,7.0200,2307678,0.0000,1.0000
2018-06-14,7.0700,7.2900,6.8700,6.9300,6.9300,3434009,0.0000,1.0000
2018-06-13,6.7000,7.1800,6.6200,7.1200,7.1200,3996834,0.0000,1.0000
2018-06-12,6.9500,7.0300,6.6800,6.7700,6.7700,4475871,0.0000,1.0000
2018-06-11,7.2300,7.3200,6.9500,6.9600,6.9600,3861468,0.0000,1.0000
2018-06-08,7.5100,7.6100,6.7600,7.2300,7.2300,8499977,0.0000,1.0000
2018-06-07,8.0600,8.1500,7.4100,7.6600,7.6600,8993866,0.0000,1.0000
2018-06-06,7.1000,7.9300,6.9300,7.9300,7.9300,10186761,0.0000,1.0000
2018-06-05,7.0600,7.1500,6.7510,6.9900,6.9900,4523111,0.0000,1.0000
2018-06-04,6.9100,7.1500,6.6800,7.0000,7.0000,6192600,0.0000,1.0000
2018-06-01,6.2900,6.8400,6.2100,6.8400,6.8400,3420372,0.0000,1.0000
2018-05-31,6.4800,6.7400,6.1200,6.2400,6.2400,3243318,0.0000,1.0000
2018-05-30,6.0500,6.4100,5.9500,6.3800,6.3800,2758070,0.0000,1.0000
2018-05-29,6.0000,6.1200,5.8800,6.0200,6.0200,1572055,0.0000,1.0000
2018-05-25,6.1300,6.1790,5.9000,6.0100,6.0100,1895025,0.0000,1.0000
2018-05-24,6.2800,6.2800,6.0500,6.1300,6.1300,1609203,0.0000,1.0000
2018-05-23,6.2400,6.3000,6.1500,6.2100,6.2100,1561668,0.0000,1.0000
2018-05-22,6.6200,6.6400,6.1600,6.2400,6.2400,3414757,0.0000,1.0000
2018-05-21,6.2900,6.6800,6.2600,6.5700,6.5700,3754377,0.0000,1.0000
2018-05-18,5.7700,6.3300,5.7700,6.2300,6.2300,3616848,0.0000,1.0000
2018-05-17,6.0400,6.1400,5.7600,5.8000,5.8000,2382995,0.0000,1.0000
2018-05-16,6.3000,6.3400,6.0100,6.0400,6.0400,1835640,0.0000,1.0000
2018-05-15,6.6900,6.7500,6.0600,6.2700,6.2700,4269708,0.0000,1.0000
2018-05-14,6.2600,6.8500,6.2500,6.5600,6.5600,6234709,0.0000,1.0000
2018-05-11,5.6900,6.2500,5.6400,6.1200,6.1200,3350610,0.0000,1.0000
2018-05-10,5.6100,5.6399,5.5200,5.6000,5.6000,944706,0.0000,1.0000
2018-05-09,5.6800,5.7400,5.5000,5.5200,5.5200,1723300,0.0000,1.0000
2018-05-08,5.6100,5.7400,5.5000,5.5400,5.5400,1410391,0.0000,1.0000
2018-05-07,5.8800,5.9700,5.5800,5.6700,5.6700,2163610,0.0000,1.0000
2018-05-04,5.8900,6.0000,5.8550,5.8800,5.8800,1343338,0.0000,1.0000
2018-05-03,5.8300,6.0400,5.7900,5.8700,5.8700,1847320,0.0000,1.0000
2018-05-02,6.1200,6.1791,5.7500,5.8100,5.8100,2924969,0.0000,1.0000
2018-05-01,6.5000,6.6000,6.1000,6.2200,6.2200,3128290,0.0000,1.0000
2018-04-30,7.0000,7.1300,6.8700,6.9100,6.9100,1802504,0.0000,1.0000
2018-04-27,7.0300,7.0900,6.7500,6.8000,6.8000,1135619,0.0000,1.0000
2018-04-26,6.8900,7.0399,6.6601,6.9200,6.9200,978952,0.0000,1.0000
2018-04-25,7.0100,7.1400,6.8000,6.8800,6.8800,996025,0.0000,1.0000
2018-04-24,7.0000,7.2900,6.7800,7.0000,7.0000,1295672,0.0000,1.0000
2018-04-23,7.3300,7.3900,6.9900,7.0200,7.0200,1874476,0.0000,1.0000
2018-04-20,7.5200,7.6600,7.2500,7.3700,7.3700,2034962,0.0000,1.0000
2018-04-19,7.3000,7.5200,7.1800,7.4100,7.4100,1809794,0.0000,1.0000
2018-04-18,7.4400,7.5200,7.1700,7.3300,7.3300,1565077,0.0000,1.0000
2018-04-17,7.8000,7.9400,7.3000,7.4400,7.4400,2667450,0.0000,1.0000
2018-04-16,7.5000,7.8000,7.2000,7.7300,7.7300,4895438,0.0000,1.0000
2018-04-13,6.8100,7.4500,6.7700,7.1200,7.1200,5360193,0.0000,1.0000
2018-04-12,6.4000,6.7400,6.3800,6.6800,6.6800,1741514,0.0000,1.0000
2018-04-11,6.4000,6.6500,6.1500,6.3600,6.3600,2035204,0.0000,1.0000
2018-04-10,5.6800,6.5499,5.2600,6.3700,6.3700,3594675,0.0000,1.0000
2018-04-09,5.7000,5.8000,5.5000,5.5700,5.5700,1757953,0.0000,1.0000
2018-04-06,5.8200,6.1290,5.5800,5.6300,5.6300,2145228,0.0000,1.0000
2018-04-05,5.9600,6.0000,5.6400,5.9000,5.9000,2112045,0.0000,1.0000
2018-04-04,5.5000,5.7000,5.1200,5.6000,5.6000,3688435,0.0000,1.0000
2018-04-03,6.3100,6.4800,5.6000,5.6000,5.6000,2336468,0.0000,1.0000
2018-04-02,6.7300,6.7300,6.1500,6.2500,6.2500,1853904,0.0000,1.0000
2018-03-29,6.5400,6.9700,6.4500,6.7300,6.7300,1423012,0.0000,1.0000
2018-03-28,6.9600,7.0400,6.3445,6.5100,6.5100,2223728,0.0000,1.0000
2018-03-27,7.5100,7.5400,6.9300,7.0300,7.0300,1530809,0.0000,1.0000
2018-03-26,7.5500,7.6500,7.3800,7.4600,7.4600,1060165,0.0000,1.0000
2018-03-23,7.8800,7.9400,7.3800,7.4700,7.4700,2062969,0.0000,1.0000
2018-03-22,7.4700,7.5500,7.3000,7.3900,7.3900,3123769,0.0000,1.0000
2018-03-21,8.3400,8.4690,7.9700,8.0000,8.0000,1624240,0.0000,1.0000
2018-03-20,9.0800,9.0800,8.0900,8.1900,8.1900,3217516,0.0000,1.0000
2018-03-19,8.1200,8.7500,8.1000,8.7500,8.7500,6653309,0.0000,1.0000
2018-03-16,8.1700,8.1700,7.8100,7.8200,7.8200,2196069,0.0000,1.0000
2018-03-15,8.4900,8.5700,8.0000,8.1300,8.1300,1950670,0.0000,1.0000
2018-03-14,8.6200,8.6300,8.2510,8.4000,8.4000,1757345,0.0000,1.0000
2018-03-13,8.9000,9.0588,8.5500,8.6300,8.6300,1962831,0.0000,1.0000
2018-03-12,9.3000,9.3200,8.6600,8.7500,8.7500,3338103,0.0000,1.0000
2018-03-09,9.7100,9.7590,9.2600,9.3200,9.3200,2069704,0.0000,1.0000
2018-03-08,9.8900,9.9500,9.0900,9.5400,9.5400,3232248,0.0000,1.0000
2018-03-07,9.8300,9.9400,9.5500,9.8100,9.8100,3160328,0.0000,1.0000
2018-03-06,10.2200,10.3900,9.8000,9.9100,9.9100,5337725,0.0000,1.0000
2018-03-05,9.6700,10.2500,9.4600,9.7700,9.7700,6488174,0.0000,1.0000
2018-03-02,9.5000,9.7000,9.2500,9.4000,9.4000,3325109,0.0000,1.0000
2018-03-01,9.1800,10.0500,8.5200,9.6900,9.6900,11858755,0.0000,1.0000
2018-02-28,7.7500,9.1700,7.3348,9.1700,9.1700,9875396,0.0000,1.0000
2018-02-27,8.2400,8.3800,7.1700,7.6200,7.6200,2801027,0.0000,1.0000
2018-02-26,7.5500,7.7900,7.2751,7.7602,7.7602,999385,0.0000,1.0000
2018-02-23,7.2000,7.2100,6.8100,7.0113,7.0113,344594,0.0000,1.0000
2018-02-22,7.3300,7.3300,7.0950,7.2023,7.2023,186211,0.0000,1.0000
2018-02-21,7.3560,7.5000,7.1430,7.1800,7.1800,218727,0.0000,1.0000
2018-02-20,7.2350,7.5406,7.1400,7.4145,7.4145,311868,0.0000,1.0000
2018-02-16,7.4000,7.5634,7.1800,7.2200,7.2200,312640,0.0000,1.0000
2018-02-15,7.8400,7.8840,7.5448,7.6837,7.6837,336239,0.0000,1.0000
2018-02-14,7.5000,8.0000,7.2945,7.9900,7.9900,453683,0.0000,1.0000
2018-02-13,7.4550,7.5400,7.1500,7.4400,7.4400,293113,0.0000,1.0000
2018-02-12,7.5800,7.6190,7.2932,7.3686,7.3686,363342,0.0000,1.0000
2018-02-09,7.5100,7.6400,6.9700,7.3400,7.3400,592323,0.0000,1.0000
2018-02-08,7.2350,7.7044,6.9500,7.5442,7.5442,400430,0.0000,1.0000
2018-02-07,7.9900,8.3749,6.9000,7.2310,7.2310,1106167,0.0000,1.0000
2018-02-06,6.1300,7.6000,5.9900,7.5212,7.5212,1196473,0.0000,1.0000
2018-02-05,4.8170,6.7615,4.7500,5.9196,5.9196,1712607,0.0000,1.0000
2018-02-02,6.2500,6.4100,5.3071,5.5128,5.5128,1598639,0.0000,1.0000
2018-02-01,7.3103,7.5900,6.4827,6.5000,6.5000,788788,0.0000,1.0000
2018-01-31,6.8260,8.0062,6.8071,7.3530,7.3530,697833,0.0000,1.0000
2018-01-30,7.2500,7.4700,6.5000,6.8190,6.8190,1119703,0.0000,1.0000
2018-01-29,8.3920,8.4505,7.5100,7.5358,7.5358,696277,0.0000,1.0000
2018-01-26,7.9550,8.2500,7.7300,8.1840,8.1840,693729,0.0000,1.0000
2018-01-25,8.8800,9.0700,8.0100,8.1953,8.1953,740987,0.0000,1.0000
2018-01-24,9.3500,9.5183,8.6300,8.7995,8.7995,837499,0.0000,1.0000
2018-01-23,9.2100,9.5900,8.8939,9.3100,9.3100,984981,0.0000,1.0000
2018-01-22,8.0100,8.9887,8.0100,8.9199,8.9199,903553,0.0000,1.0000
2018-01-19,8.0050,8.2000,7.7240,7.9600,7.9600,609327,0.0000,1.0000
2018-01-18,8.0273,8.3200,7.8900,8.1000,8.1000,339497,0.0000,1.0000
2018-01-17,8.4200,8.5700,8.0300,8.3666,8.3666,433628,0.0000,1.0000
2018-01-16,8.2799,8.6627,7.8700,8.2485,8.2485,1669589,0.0000,1.0000
2018-01-12,8.5550,8.5600,7.0510,7.1800,7.1800,2385708,0.0000,1.0000
2018-01-11,10.0950,10.3005,8.5115,8.8900,8.8900,1868669,0.0000,1.0000
2018-01-10,11.1500,11.2220,10.3000,10.6500,10.6500,618881,0.0000,1.0000
2018-01-09,10.8173,11.9000,9.9300,10.9670,10.9670,2045123,0.0000,1.0000
2018-01-08,9.0400,11.0783,8.8420,10.9500,10.9500,2104036,0.0000,1.0000
2018-01-05,7.3414,8.5065,7.0600,8.4800,8.4800,1189225,0.0000,1.0000
2018-01-04,8.7000,8.7000,7.2727,7.7489,7.7489,1910612,0.0000,1.0000
2018-01-03,8.5000,8.9100,7.5896,8.5974,8.5974,1503683,0.0000,1.0000
2018-01-02,7.7411,8.2460,7.0900,8.0564,8.0564,1401112,0.0000,1.0000
2017-12-29,7.2600,8.3012,6.0000,7.7292,7.7292,2088811,0.0000,1.0000
2017-12-28,5.8000,7.2190,5.6800,7.0000,7.0000,1773632,0.0000,1.0000
2017-12-27,4.8280,5.9800,4.8280,5.5381,5.5381,913671,0.0000,1.0000
2017-12-26,4.7000,5.3800,4.6300,5.2300,5.2300,594582,0.0000,1.0000
2017-12-22,4.3074,4.6000,4.2600,4.5338,4.5338,522429,0.0000,1.0000
2017-12-21,4.1830,4.3300,4.1000,4.3000,4.3000,429139,0.0000,1.0000
2017-12-20,4.2080,4.3200,3.9510,4.0800,4.0800,391115,0.0000,1.0000
2017-12-19,3.9200,4.1813,3.9200,4.1520,4.1520,403934,0.0000,1.0000
2017-12-18,3.8560,4.0073,3.7500,4.0073,4.0073,305042,0.0000,1.0000
2017-12-15,3.9050,3.9600,3.6796,3.7500,3.7500,206115,0.0000,1.0000
2017-12-14,3.8284,3.9850,3.7000,3.7196,3.7196,235376,0.0000,1.0000
2017-12-13,3.9800,4.1141,3.7700,3.8566,3.8566,397393,0.0000,1.0000
2017-12-12,3.6900,3.9516,3.6090,3.9200,3.9200,516796,0.0000,1.0000
2017-12-11,3.5412,3.7500,3.5100,3.6000,3.6000,255575,0.0000,1.0000
2017-12-08,3.4201,3.5200,3.3285,3.4885,3.4885,237599,0.0000,1.0000
2017-12-07,3.3098,3.4400,3.3098,3.4100,3.4100,161579,0.0000,1.0000
2017-12-06,3.3582,3.4500,3.2000,3.3200,3.3200,209972,0.0000,1.0000
2017-12-05,3.3927,3.4000,3.2000,3.2853,3.2853,301819,0.0000,1.0000
2017-12-04,3.3770,3.5200,3.1842,3.2492,3.2492,282204,0.0000,1.0000
2017-12-01,3.4677,3.5500,3.2500,3.3092,3.3092,215479,0.0000,1.0000
2017-11-30,3.1300,3.3655,2.9850,3.3063,3.3063,339911,0.0000,1.0000
2017-11-29,3.5800,3.8200,3.0929,3.1319,3.1319,557783,0.0000,1.0000
2017-11-28,3.5836,3.7100,3.3500,3.5646,3.5646,462741,0.0000,1.0000
2017-11-27,3.3300,3.5500,3.3000,3.4800,3.4800,568449,0.0000,1.0000
2017-11-24,3.1972,3.2700,3.1956,3.2300,3.2300,149170,0.0000,1.0000
2017-11-22,3.2100,3.2664,3.1200,3.1960,3.1960,125416,0.0000,1.0000
2017-11-21,3.2555,3.3400,3.1100,3.1485,3.1485,135273,0.0000,1.0000
2017-11-20,3.1740,3.3100,3.1500,3.2085,3.2085,265460,0.0000,1.0000
2017-11-17,2.9900,3.2800,2.9900,3.0829,3.0829,250628,0.0000,1.0000
2017-11-16,3.2600,3.3000,2.9000,3.0014,3.0014,407597,0.0000,1.0000
2017-11-15,3.4456,3.5150,3.1755,3.2833,3.2833,381246,0.0000,1.0000
2017-11-14,3.1800,3.3500,2.8811,3.3500,3.3500,624339,0.0000,1.0000
2017-11-13,2.8420,3.0427,2.8190,3.0309,3.0309,429943,0.0000,1.0000
2017-11-10,2.5200,2.7145,2.5200,2.7000,2.7000,151157,0.0000,1.0000
2017-11-09,2.6100,2.6400,2.4921,2.5309,2.5309,83854,0.0000,1.0000
2017-11-08,2.6200,2.6980,2.5500,2.5700,2.5700,104976,0.0000,1.0000
2017-11-07,2.6110,2.8000,2.5725,2.6123,2.6123,248074,0.0000,1.0000
2017-11-06,2.4900,2.6158,2.4600,2.6158,2.6158,190172,0.0000,1.0000
2017-11-03,2.4630,2.5290,2.4600,2.4900,2.4900,118847,0.0000,1.0000
2017-11-02,2.5500,2.5500,2.4281,2.4624,2.4624,146577,0.0000,1.0000
2017-11-01,2.5400,2.5760,2.4877,2.5100,2.5100,156124,0.0000,1.0000
2017-10-31,2.5200,2.5700,2.4900,2.5300,2.5300,95575,0.0000,1.0000
2017-10-30,2.5660,2.6980,2.5000,2.5380,2.5380,183247,0.0000,1.0000
2017-10-27,2.4593,2.5000,2.4100,2.4502,2.4502,64357,0.0000,1.0000
2017-10-26,2.4350,2.5000,2.4242,2.4690,2.4690,44572,0.0000,1.0000
2017-10-25,2.5037,2.6000,2.4120,2.4445,2.4445,75915,0.0000,1.0000
2017-10-24,2.7100,2.7100,2.4870,2.4935,2.4935,74158,0.0000,1.0000
2017-10-23,2.5629,2.6000,2.5100,2.5200,2.5200,86039,0.0000,1.0000
2017-10-20,2.4278,2.6050,2.4278,2.5000,2.5000,109957,0.0000,1.0000
2017-10-19,2.5605,2.7800,2.4000,2.4387,2.4387,258059,0.0000,1.0000
2017-10-18,2.5616,2.8100,2.5200,2.7267,2.7267,181884,0.0000,1.0000
2017-10-17,2.7344,2.8400,2.3938,2.6600,2.6600,429234,0.0000,1.0000
2017-10-16,2.6408,2.8300,2.6379,2.7774,2.7774,336107,0.0000,1.0000
2017-10-13,2.6500,2.6500,2.5600,2.6000,2.6000,437871,0.0000,1.0000
2017-10-12,2.5145,2.5690,2.4745,2.5356,2.5356,123631,0.0000,1.0000
2017-10-11,2.0900,2.4800,2.0900,2.4466,2.4466,55719,0.0000,1.0000
2017-10-10,2.6300,2.6300,2.3500,2.3548,2.3548,74171,0.0000,1.0000
2017-10-09,2.3750,2.5500,2.2600,2.4800,2.4800,129880,0.0000,1.0000
2017-10-06,2.4523,2.4700,2.2783,2.3710,2.3710,212474,0.0000,1.0000
2017-10-05,2.2753,2.4423,2.2500,2.3984,2.3984,142789,0.0000,1.0000
2017-10-04,2.2050,2.2580,2.1650,2.2580,2.2580,107568,0.0000,1.0000
2017-10-03,2.0650,2.2341,2.0650,2.1951,2.1951,60873,0.0000,1.0000
2017-10-02,2.0890,2.2000,2.0873,2.1300,2.1300,63571,0.0000,1.0000
2017-09-29,2.1500,2.1500,2.1000,2.1030,2.1030,45118,0.0000,1.0000
2017-09-28,2.0725,2.2600,2.0509,2.1260,2.1260,48359,0.0000,1.0000
2017-09-27,2.0900,2.1500,2.0500,2.0780,2.0780,22761,0.0000,1.0000
2017-09-26,1.7000,2.2600,1.7000,2.0905,2.0905,75298,0.0000,1.0000
2017-09-25,2.3450,2.3450,2.0530,2.0530,2.0530,77674,0.0000,1.0000
2017-09-22,2.1320,2.2600,2.1100,2.1200,2.1200,57720,0.0000,1.0000
2017-09-21,2.1730,2.2000,2.0933,2.1281,2.1281,100148,0.0000,1.0000
2017-09-20,2.1625,2.2300,2.0870,2.1473,2.1473,59210,0.0000,1.0000
2017-09-19,2.2035,2.3500,2.1440,2.1878,2.1878,141287,0.0000,1.0000
2017-09-18,1.5000,2.1600,1.5000,2.1500,2.1500,218468,0.0000,1.0000
2017-09-15,1.9500,2.0050,1.9500,1.9966,1.9966,80284,0.0000,1.0000
2017-09-14,1.8690,2.0000,1.8633,1.9500,1.9500,62911,0.0000,1.0000
2017-09-13,1.9236,1.9500,1.8700,1.8965,1.8965,52339,0.0000,1.0000
2017-09-12,1.8500,2.0100,1.8488,1.9011,1.9011,165594,0.0000,1.0000
2017-09-11,1.8886,1.8886,1.8200,1.8295,1.8295,94118,0.0000,1.0000
2017-09-08,1.8600,1.9600,1.8441,1.8465,1.8465,132319,0.0000,1.0000
2017-09-07,1.8901,1.9000,1.8339,1.8600,1.8600,54392,0.0000,1.0000
2017-09-06,1.9000,1.9219,1.8593,1.8600,1.8600,59734,0.0000,1.0000
2017-09-05,1.9750,1.9750,1.8294,1.8787,1.8787,57988,0.0000,1.0000
2017-09-01,1.8818,1.9100,1.8500,1.9006,1.9006,43955,0.0000,1.0000
2017-08-31,1.8731,1.9000,1.8300,1.8700,1.8700,52263,0.0000,1.0000
2017-08-30,1.8000,1.8900,1.8000,1.8640,1.8640,42669,0.0000,1.0000
2017-08-29,1.8508,1.9217,1.8290,1.8571,1.8571,44905,0.0000,1.0000
2017-08-28,1.8700,1.9000,1.8295,1.8580,1.8580,56740,0.0000,1.0000
2017-08-25,1.8581,1.8800,1.8000,1.8331,1.8331,42759,0.0000,1.0000
2017-08-24,1.9510,1.9800,1.8300,1.8558,1.8558,64929,0.0000,1.0000
2017-08-23,1.9410,1.9700,1.8835,1.9420,1.9420,49842,0.0000,1.0000
2017-08-22,1.9500,1.9530,1.8482,1.9200,1.9200,75723,0.0000,1.0000
2017-08-21,1.8813,1.9500,1.8200,1.8462,1.8462,97097,0.0000,1.0000
2017-08-18,1.7998,1.9700,1.6650,1.8100,1.8100,175660,0.0000,1.0000
2017-08-17,1.8490,2.0800,1.7720,1.7720,1.7720,297931,0.0000,1.0000
2017-08-16,1.6943,2.2500,1.6848,1.8145,1.8145,548850,0.0000,1.0000
2017-08-15,1.5900,1.6200,1.5800,1.6189,1.6189,22761,0.0000,1.0000
2017-08-14,1.6400,1.6400,1.6000,1.6040,1.6040,15800,0.0000,1.0000
2017-08-11,1.6900,1.6900,1.6000,1.6350,1.6350,13953,0.0000,1.0000
2017-08-10,1.7353,1.7400,1.6621,1.6861,1.6861,9865,0.0000,1.0000
2017-08-09,1.6800,1.7274,1.6800,1.7055,1.7055,20557,0.0000,1.0000
2017-08-08,1.7300,1.7540,1.7177,1.7180,1.7180,8922,0.0000,1.0000
2017-08-07,1.7700,2.2000,1.6800,1.7700,1.7700,15013,0.0000,1.0000
2017-08-04,1.6000,1.6965,1.6000,1.6900,1.6900,6133,0.0000,1.0000
2017-08-03,1.6900,1.7200,1.6700,1.6800,1.6800,8156,0.0000,1.0000
2017-08-02,1.1700,1.7652,1.1700,1.7150,1.7150,26771,0.0000,1.0000
2017-08-01,1.7680,1.7960,1.7573,1.7600,1.7600,8107,0.0000,1.0000
2017-07-31,1.8200,1.9000,1.7960,1.7990,1.7990,15172,0.0000,1.0000
2017-07-28,1.7900,1.8290,1.7733,1.8030,1.8030,12914,0.0000,1.0000
2017-07-27,1.8700,1.9500,1.7441,1.7900,1.7900,32706,0.0000,1.0000
2017-07-26,2.0500,2.0500,1.8058,1.8578,1.8578,26486,0.0000,1.0000
2017-07-25,1.7800,1.8766,1.7800,1.8100,1.8100,37549,0.0000,1.0000
2017-07-24,1.7700,1.9000,1.7241,1.8071,1.8071,8953,0.0000,1.0000
2017-07-21,1.7500,1.9500,1.7300,1.7520,1.7520,15220,0.0000,1.0000
2017-07-20,1.7926,1.8300,1.7419,1.7419,1.7419,32293,0.0000,1.0000
2017-07-19,1.8700,1.8873,1.5500,1.8200,1.8200,33371,0.0000,1.0000
2017-07-18,1.8900,1.9187,1.0000,1.8500,1.8500,84556,0.0000,1.0000
2017-07-17,1.7150,1.9000,1.7150,1.8626,1.8626,149623,0.0000,1.0000
2017-07-14,1.6030,1.7373,1.5860,1.7373,1.7373,51705,0.0000,1.0000
2017-07-13,1.6422,1.6877,1.5550,1.6006,1.6006,68729,0.0000,1.0000
2017-07-12,1.4260,1.6912,1.4260,1.6912,1.6912,50538,0.0000,1.0000
2017-07-11,1.4300,1.4610,1.3942,1.4190,1.4190,33078,0.0000,1.0000
2017-07-10,1.4185,1.4491,1.3770,1.4025,1.4025,29076,0.0000,1.0000
2017-07-07,1.3849,1.4410,1.3629,1.3949,1.3949,28913,0.0000,1.0000
2017-07-06,1.4638,1.4715,1.3830,1.3830,1.3830,18005,0.0000,1.0000
2017-07-05,1.3017,1.4080,1.3000,1.4080,1.4080,49284,0.0000,1.0000
2017-07-03,1.3290,1.3290,1.3290,1.3290,1.3290,0,0.0000,1.0000
2017-06-30,1.3460,1.3500,1.3180,1.3290,1.3290,21650,0.0000,1.0000
2017-06-29,1.3311,1.3620,1.3070,1.3505,1.3505,25111,0.0000,1.0000
2017-06-28,1.3820,1.3820,1.3310,1.3410,1.3410,5432,0.0000,1.0000
2017-06-27,1.3359,1.3496,1.2831,1.3391,1.3391,56231,0.0000,1.0000
2017-06-26,1.3060,1.3434,1.3050,1.3200,1.3200,8736,0.0000,1.0000
2017-06-23,1.3394,1.3394,1.3035,1.3035,1.3035,8212,0.0000,1.0000
2017-06-22,1.2979,1.3570,1.2979,1.3350,1.3350,19826,0.0000,1.0000
2017-06-21,1.2705,1.2808,1.2483,1.2500,1.2500,6537,0.0000,1.0000
2017-06-20,1.2863,1.2930,1.2410,1.2560,1.2560,29024,0.0000,1.0000
2017-06-19,1.3100,1.3144,1.1982,1.3117,1.3117,111265,0.0000,1.0000
2017-06-16,1.2944,1.3100,1.2730,1.2900,1.2900,10550,0.0000,1.0000
2017-06-15,1.3060,1.3268,1.2769,1.2769,1.2769,69712,0.0000,1.0000
2017-06-14,1.3466,1.3571,1.3091,1.3091,1.3091,32396,0.0000,1.0000
2017-06-13,1.3692,1.3692,1.3165,1.3165,1.3165,47884,0.0000,1.0000
2017-06-12,1.3510,1.3900,1.3108,1.3361,1.3361,22095,0.0000,1.0000
2017-06-09,1.2737,1.3440,1.2580,1.3189,1.3189,17230,0.0000,1.0000
2017-06-08,1.2860,1.3221,1.1974,1.3088,1.3088,16026,0.0000,1.0000
2017-06-07,1.1988,1.3270,1.1864,1.2760,1.2760,108566,0.0000,1.0000
2017-06-06,1.4000,1.4212,1.2310,1.2662,1.2662,142146,0.0000,1.0000
2017-06-05,1.5894,1.6210,1.3948,1.4258,1.4258,152869,0.0000,1.0000
2017-06-02,1.6476,1.6671,1.5727,1.5799,1.5799,29035,0.0000,1.0000
2017-06-01,1.6850,1.6850,1.6538,1.6604,1.6604,18250,0.0000,1.0000
2017-05-31,1.7100,1.7470,1.6750,1.7219,1.7219,53350,0.0000,1.0000
2017-05-30,1.7590,1.7710,1.7000,1.7490,1.7490,39996,0.0000,1.0000
2017-05-26,1.7060,1.7502,1.6960,1.7300,1.7300,15565,0.0000,1.0000
2017-05-25,1.7841,1.7841,1.6914,1.7040,1.7040,39685,0.0000,1.0000
2017-05-24,1.8080,1.8225,1.7334,1.7458,1.7458,28105,0.0000,1.0000
2017-05-23,1.7190,1.8240,1.6800,1.7712,1.7712,129721,0.0000,1.0000
2017-05-22,1.6615,1.6615,1.6615,1.6615,1.6615,0,0.0000,1.0000
2017-05-19,1.6290,1.7270,1.6290,1.6615,1.6615,16842,0.0000,1.0000
2017-05-18,1.6270,1.7120,1.6270,1.6561,1.6561,13748,0.0000,1.0000
2017-05-17,1.7219,1.7307,1.6443,1.6714,1.6714,32684,0.0000,1.0000
2017-05-16,1.7600,1.7600,1.6908,1.7330,1.7330,27424,0.0000,1.0000
2017-05-15,1.7260,1.7500,1.7186,1.7186,1.7186,8451,0.0000,1.0000
2017-05-12,1.7840,1.7840,1.6650,1.7123,1.7123,66945,0.0000,1.0000
2017-05-11,1.6052,1.8006,1.5758,1.7930,1.7930,65398,0.0000,1.0000
2017-05-10,1.7000,1.7036,1.5950,1.6600,1.6600,71614,0.0000,1.0000
2017-05-09,1.7750,1.7750,1.6080,1.7368,1.7368,112289,0.0000,1.0000
2017-05-08,1.8010,1.9230,1.7532,1.7916,1.7916,87040,0.0000,1.0000
2017-05-05,1.8420,1.8778,1.7990,1.7990,1.7990,45140,0.0000,1.0000
2017-05-04,1.8843,1.8891,1.8197,1.8640,1.8640,25600,0.0000,1.0000
2017-05-03,1.9938,1.9965,1.8996,1.9283,1.9283,93756,0.0000,1.0000
2017-05-02,2.0690,2.0916,1.9200,1.9570,1.9570,88492,0.0000,1.0000
2017-05-01,1.9670,2.0500,1.9654,2.0440,2.0440,34761,0.0000,1.0000
2017-04-28,1.8660,1.9806,1.8651,1.9740,1.9740,77366,0.0000,1.0000
2017-04-27,1.9090,1.9090,1.7900,1.8800,1.8800,410780,0.0000,1.0000
2017-04-26,2.0071,2.0636,1.8840,1.9410,1.9410,103896,0.0000,1.0000
2017-04-25,2.1000,2.1070,1.9911,2.0259,2.0259,78722,0.0000,1.0000
2017-04-24,2.1640,2.2103,2.1260,2.1340,2.1340,58975,0.0000,1.0000
2017-04-21,2.2075,2.2090,2.1581,2.1816,2.1816,25488,0.0000,1.0000
2017-04-20,2.3183,2.3380,2.1970,2.2174,2.2174,56756,0.0000,1.0000
2017-04-19,2.1397,2.3053,2.1336,2.3053,2.3053,78547,0.0000,1.0000
2017-04-18,2.1801,2.2100,2.0500,2.1480,2.1480,122241,0.0000,1.0000
2017-04-17,2.2996,2.3419,2.1900,2.2410,2.2410,128854,0.0000,1.0000
2017-04-13,2.5040,2.5044,2.2910,2.3449,2.3449,88920,0.0000,1.0000
2017-04-12,2.4520,2.4740,2.3000,2.4674,2.4674,62336,0.0000,1.0000
2017-04-11,2.6140,2.6400,2.2970,2.3584,2.3584,93846,0.0000,1.0000
2017-04-10,2.4130,2.6590,2.4079,2.5700,2.5700,238871,0.0000,1.0000
2017-04-07,2.2836,2.3810,2.2836,2.3454,2.3454,159307,0.0000,1.0000
2017-04-06,2.2220,2.2900,2.1930,2.2644,2.2644,51903,0.0000,1.0000
2017-04-05,2.1321,2.2533,2.1321,2.2390,2.2390,70104,0.0000,1.0000
2017-04-04,2.0947,2.1065,2.0500,2.0873,2.0873,44943,0.0000,1.0000
2017-04-03,2.0989,2.1100,2.0500,2.0862,2.0862,45342,0.0000,1.0000
2017-03-31,2.0930,2.1390,2.0731,2.0905,2.0905,25998,0.0000,1.0000
2017-03-30,2.1450,2.1450,2.0600,2.0777,2.0777,63612,0.0000,1.0000
2017-03-29,2.1681,2.1870,2.1157,2.1495,2.1495,33507,0.0000,1.0000
2017-03-28,2.2780,2.3676,2.1340,2.1927,2.1927,84858,0.0000,1.0000
2017-03-27,2.1200,2.1941,2.0466,2.1941,2.1941,108477,0.0000,1.0000
2017-03-24,1.9942,1.9942,1.9348,1.9540,1.9540,53300,0.0000,1.0000
2017-03-23,1.9750,2.0650,1.9457,1.9457,1.9457,54742,0.0000,1.0000
2017-03-22,1.9498,1.9900,1.7912,1.9259,1.9259,107522,0.0000,1.0000
2017-03-21,2.0396,2.1010,1.9440,1.9580,1.9580,77059,0.0000,1.0000
2017-03-20,2.1478,2.1800,2.0236,2.0260,2.0260,74907,0.0000,1.0000
2017-03-17,2.2480,2.2483,2.1300,2.1447,2.1447,38498,0.0000,1.0000
2017-03-16,2.0949,2.2357,2.0949,2.2283,2.2283,31665,0.0000,1.0000
2017-03-15,2.0840,2.1547,2.0690,2.0690,2.0690,37876,0.0000,1.0000
2017-03-14,2.1160,2.1404,2.0403,2.1020,2.1020,38029,0.0000,1.0000
2017-03-13,2.0923,2.1297,2.0407,2.0635,2.0635,27584,0.0000,1.0000
2017-03-10,2.1967,2.1967,2.1140,2.1141,2.1141,99345,0.0000,1.0000
2017-03-09,2.1067,2.2765,2.0768,2.1500,2.1500,53629,0.0000,1.0000
2017-03-08,2.0620,2.1980,1.8038,2.1817,2.1817,254639,0.0000,1.0000
2017-03-07,2.4040,2.4040,2.1580,2.1580,2.1580,105987,0.0000,1.0000
2017-03-06,2.5960,2.5960,2.4080,2.4560,2.4560,18506,0.0000,1.0000
2017-03-03,2.5324,2.5550,2.4901,2.5230,2.5230,36482,0.0000,1.0000
2017-03-02,2.4900,2.5391,2.4610,2.5200,2.5200,41449,0.0000,1.0000
2017-03-01,2.3600,2.4045,2.3060,2.3956,2.3956,80006,0.0000,1.0000
2017-02-28,2.3541,2.3704,2.2900,2.2900,2.2900,17143,0.0000,1.0000
2017-02-27,2.3030,2.3562,2.2358,2.3231,2.3231,34392,0.0000,1.0000
2017-02-24,2.0119,2.3100,1.9900,2.2968,2.2968,85707,0.0000,1.0000
2017-02-23,2.3397,2.3397,0.2929,2.1414,2.1414,125458,0.0000,1.0000
2017-02-22,2.5210,2.5760,2.1940,2.3690,2.3690,169530,0.0000,1.0000
2017-02-21,2.2100,2.4160,2.2100,2.4160,2.4160,135748,0.0000,1.0000
2017-02-17,1.9900,2.1921,1.9900,2.1606,2.1606,146840,0.0000,1.0000
2017-02-16,1.8811,2.0112,1.8493,1.9834,1.9834,94603,0.0000,1.0000
2017-02-15,1.8490,1.9520,1.7656,1.8437,1.8437,205097,0.0000,1.0000
2017-02-14,1.8812,1.9465,1.8059,1.9465,1.9465,262340,0.0000,1.0000
2017-02-13,1.6444,1.9229,1.6218,1.8854,1.8854,158293,0.0000,1.0000
2017-02-10,1.6469,1.6900,1.5643,1.6088,1.6088,132341,0.0000,1.0000
2017-02-09,1.5003,1.7015,1.4755,1.6473,1.6473,282644,0.0000,1.0000
2017-02-08,1.4000,1.4800,1.3600,1.4777,1.4777,72379,0.0000,1.0000
2017-02-07,1.3793,1.4200,1.3624,1.3710,1.3710,31850,0.0000,1.0000
2017-02-06,1.3727,1.3860,1.3527,1.3799,1.3799,27286,0.0000,1.0000
2017-02-03,1.3680,1.3870,1.3680,1.3850,1.3850,15644,0.0000,1.0000
2017-02-02,1.3806,1.4017,1.3723,1.3866,1.3866,38274,0.0000,1.0000
2017-02-01,1.3296,1.3798,1.3266,1.3798,1.3798,12315,0.0000,1.0000
2017-01-31,1.3718,1.3718,1.3316,1.3411,1.3411,25243,0.0000,1.0000
2017-01-30,1.3976,1.3976,1.3441,1.3762,1.3762,55007,0.0000,1.0000
2017-01-27,1.3990,1.4000,1.3631,1.3896,1.3896,34424,0.0000,1.0000
2017-01-26,1.4390,1.4400,1.3847,1.3863,1.3863,20535,0.0000,1.0000
2017-01-25,1.3973,1.4416,1.3973,1.4409,1.4409,80146,0.0000,1.0000
2017-01-24,1.4020,1.4100,1.3797,1.3863,1.3863,28400,0.0000,1.0000
2017-01-23,1.3600,1.4000,1.3600,1.3754,1.3754,121207,0.0000,1.0000
2017-01-20,1.3525,1.3924,1.3525,1.3600,1.3600,119313,0.0000,1.0000
2017-01-19,1.3355,1.3849,1.3355,1.3849,1.3849,92250,0.0000,1.0000
2017-01-18,1.3788,1.3980,1.3409,1.3500,1.3500,71899,0.0000,1.0000
2017-01-17,1.3841,1.3910,1.3610,1.3890,1.3890,35134,0.0000,1.0000
2017-01-13,1.3657,1.3820,1.3497,1.3595,1.3595,79977,0.0000,1.0000
2017-01-12,1.4015,1.4166,1.3597,1.3673,1.3673,42082,0.0000,1.0000
2017-01-11,1.4251,1.4300,1.3785,1.3848,1.3848,78133,0.0000,1.0000
2017-01-10,1.4089,1.4270,1.3820,1.3872,1.3872,216859,0.0000,1.0000
2017-01-09,1.3242,1.4032,1.3242,1.3949,1.3949,86788,0.0000,1.0000
2017-01-06,1.3330,1.3395,1.2819,1.3255,1.3255,287331,0.0000,1.0000
2017-01-05,1.2589,1.3182,1.2328,1.3182,1.3182,189150,0.0000,1.0000
2017-01-04,1.1754,1.2104,1.1659,1.1908,1.1908,41463,0.0000,1.0000
2017-01-03,1.1334,1.1543,1.1155,1.1543,1.1543,84588,0.0000,1.0000
2016-12-30,1.1000,1.1028,1.0685,1.1028,1.1028,7220,0.0000,1.0000
2016-12-29,1.0969,1.0974,1.0339,1.0550,1.0550,8541,0.0000,1.0000
2016-12-28,1.0710,1.0790,1.0400,1.0671,1.0671,27593,0.0000,1.0000
2016-12-27,0.9500,0.9600,0.9500,0.9500,0.9500,1900,0.0000,1.0000
2016-12-23,1.0800,1.0800,1.0087,1.0087,1.0087,3500,0.0000,1.0000
2016-12-22,1.0300,1.0512,1.0190,1.0512,1.0512,2950,0.0000,1.0000
2016-12-21,1.0543,1.0700,1.0543,1.0700,1.0700,657,0.0000,1.0000
2016-12-20,1.0770,1.0817,1.0070,1.0357,1.0357,43500,0.0000,1.0000
2016-12-19,1.1691,1.1691,1.0850,1.0850,1.0850,16250,0.0000,1.0000
2016-12-16,1.1694,1.1844,1.1343,1.1790,1.1790,10812,0.0000,1.0000
2016-12-15,1.1252,1.1540,1.1100,1.1540,1.1540,34174,0.0000,1.0000
2016-12-14,1.2325,1.2325,1.1393,1.1393,1.1393,90255,0.0000,1.0000
2016-12-13,1.2012,1.2012,1.1472,1.1778,1.1778,11850,0.0000,1.0000
2016-12-12,1.0862,1.0920,1.0688,1.0916,1.0916,27250,0.0000,1.0000
2016-12-09,1.0886,1.1000,1.0746,1.0890,1.0890,14761,0.0000,1.0000
2016-12-08,1.1431,1.1431,1.0730,1.0730,1.0730,12451,0.0000,1.0000
2016-12-07,1.1326,1.2127,1.1326,1.1514,1.1514,24627,0.0000,1.0000
2016-12-06,1.1469,1.1469,1.0646,1.1330,1.1330,18541,0.0000,1.0000
2016-12-05,1.2830,1.2830,1.1883,1.2000,1.2000,24168,0.0000,1.0000
2016-12-02,1.2917,1.2986,1.2324,1.2760,1.2760,12349,0.0000,1.0000
2016-12-01,1.2520,1.3018,1.2190,1.2502,1.2502,42539,0.0000,1.0000
2016-11-30,1.1972,1.1972,1.1574,1.1806,1.1806,14546,0.0000,1.0000
2016-11-29,1.2219,1.2294,1.1929,1.2010,1.2010,36522,0.0000,1.0000
2016-11-28,1.2032,1.2188,1.1518,1.2000,1.2000,23095,0.0000,1.0000
2016-11-25,1.1967,1.2328,1.1210,1.1210,1.1210,36100,0.0000,1.0000
2016-11-23,0.9850,1.2122,0.9850,1.2042,1.2042,93977,0.0000,1.0000
2016-11-22,1.1991,1.1991,1.0150,1.0600,1.0600,165443,0.0000,1.0000
2016-11-21,1.4204,1.5020,1.3440,1.3440,1.3440,96796,0.0000,1.0000
2016-11-18,1.2121,1.3500,1.2119,1.3500,1.3500,130277,0.0000,1.0000
2016-11-17,1.1070,1.2565,1.0903,1.0997,1.0997,106228,0.0000,1.0000
2016-11-16,1.1735,1.4220,0.8955,1.0082,1.0082,178152,0.0000,1.0000
2016-11-15,0.8227,1.1025,0.8227,1.0594,1.0594,244510,0.0000,1.0000
2016-11-14,0.8720,0.8820,0.8234,0.8395,0.8395,162052,0.0000,1.0000
2016-11-11,0.8700,0.8766,0.8447,0.8469,0.8469,63155,0.0000,1.0000
2016-11-10,0.8640,0.8640,0.8410,0.8478,0.8478,21449,0.0000,1.0000
2016-11-09,0.8230,0.8592,0.7977,0.8464,0.8464,94715,0.0000,1.0000
2016-11-08,0.8720,0.8720,0.8421,0.8531,0.8531,52817,0.0000,1.0000
2016-11-07,0.8330,0.8660,0.8273,0.8480,0.8480,243671,0.0000,1.0000
2016-11-04,0.7503,0.7810,0.6917,0.7740,0.7740,58352,0.0000,1.0000
2016-11-03,0.8650,0.8650,0.7974,0.7974,0.7974,77050,0.0000,1.0000
2016-11-02,0.8782,0.8870,0.8700,0.8760,0.8760,44132,0.0000,1.0000
2016-11-01,0.9190,0.9190,0.8900,0.9000,0.9000,14825,0.0000,1.0000
2016-10-31,0.9050,0.9080,0.8968,0.8968,0.8968,43643,0.0000,1.0000
2016-10-28,0.9208,0.9300,0.9000,0.9062,0.9062,23636,0.0000,1.0000
2016-10-27,0.9167,0.9433,0.9000,0.9239,0.9239,58472,0.0000,1.0000
2016-10-26,0.8836,0.9153,0.8773,0.8990,0.8990,42453,0.0000,1.0000
2016-10-25,0.9618,0.9618,0.8940,0.8960,0.8960,34766,0.0000,1.0000
2016-10-24,0.8900,0.9140,0.8900,0.9090,0.9090,47900,0.0000,1.0000
2016-10-21,0.8710,0.8980,0.8630,0.8875,0.8875,9380,0.0000,1.0000
2016-10-20,0.9300,0.9300,0.8770,0.8940,0.8940,48209,0.0000,1.0000
2016-10-19,0.9494,0.9541,0.9118,0.9424,0.9424,86915,0.0000,1.0000
2016-10-18,0.9128,0.9880,0.9128,0.9627,0.9627,42240,0.0000,1.0000
2016-10-17,0.8927,0.9237,0.8926,0.9118,0.9118,14770,0.0000,1.0000
2016-10-14,0.8940,0.9155,0.8940,0.9000,0.9000,14138,0.0000,1.0000
2016-10-13,0.9260,0.9268,0.8925,0.9150,0.9150,23412,0.0000,1.0000
2016-10-12,0.9840,0.9840,0.9234,0.9473,0.9473,5872,0.0000,1.0000
2016-10-11,0.9359,0.9772,0.9228,0.9535,0.9535,63862,0.0000,1.0000
2016-10-10,0.8400,0.8400,0.8400,0.8400,0.8400,1000,0.0000,1.0000
2016-10-07,0.8653,0.8928,0.7934,0.8628,0.8628,40904,0.0000,1.0000
2016-10-06,1.0301,1.0301,0.8190,0.8380,0.8380,143370,0.0000,1.0000
2016-10-05,0.7640,0.9067,0.7637,0.9067,0.9067,150907,0.0000,1.0000
2016-10-04,0.7580,0.7700,0.7458,0.7480,0.7480,57996,0.0000,1.0000
2016-10-03,0.7114,0.7132,0.6801,0.7132,0.7132,45238,0.0000,1.0000
2016-09-30,0.6533,0.7115,0.6533,0.6838,0.6838,54125,0.0000,1.0000
2016-09-29,0.6134,0.6210,0.5981,0.5981,0.5981,55163,0.0000,1.0000
2016-09-28,0.6030,0.6206,0.6030,0.6197,0.6197,15299,0.0000,1.0000
2016-09-27,0.6000,0.6000,0.6000,0.6000,0.6000,350,0.0000,1.0000
2016-09-26,0.6046,0.6190,0.6046,0.6190,0.6190,4170,0.0000,1.0000
2016-09-23,0.6262,0.6280,0.6095,0.6095,0.6095,35435,0.0000,1.0000
2016-09-22,0.6207,0.6229,0.6000,0.6070,0.6070,14290,0.0000,1.0000
2016-09-21,0.5860,0.5900,0.5860,0.5860,0.5860,4500,0.0000,1.0000
2016-09-20,0.5988,0.6000,0.5647,0.5708,0.5708,37240,0.0000,1.0000
2016-09-19,0.6197,0.6313,0.5968,0.6000,0.6000,17166,0.0000,1.0000
2016-09-16,0.5839,0.6564,0.5836,0.6000,0.6000,65099,0.0000,1.0000
2016-09-15,0.4748,0.5060,0.4641,0.5060,0.5060,368299,0.0000,1.0000
2016-09-14,0.4055,0.4566,0.4055,0.4566,0.4566,59000,0.0000,1.0000
2016-09-13,0.3901,0.3901,0.3901,0.3901,0.3901,1000,0.0000,1.0000
2016-09-12,0.3833,0.4100,0.3794,0.4100,0.4100,33909,0.0000,1.0000
2016-09-09,0.3850,0.3850,0.3850,0.3850,0.3850,7000,0.0000,1.0000
2016-09-08,0.3905,0.3905,0.3654,0.3750,0.3750,75995,0.0000,1.0000
2016-09-07,0.3839,0.3930,0.3839,0.3900,0.3900,21780,0.0000,1.0000
2016-09-06,0.3894,0.3950,0.3860,0.3880,0.3880,77998,0.0000,1.0000
2016-09-02,0.3825,0.3864,0.3825,0.3864,0.3864,5000,0.0000,1.0000
2016-09-01,0.3799,0.3837,0.3761,0.3837,0.3837,13100,0.0000,1.0000
2016-08-31,0.3593,0.3864,0.3485,0.3864,0.3864,42500,0.0000,1.0000
2016-08-30,0.3552,0.3580,0.3466,0.3580,0.3580,20699,0.0000,1.0000
2016-08-29,0.3357,0.3478,0.3198,0.3478,0.3478,41698,0.0000,1.0000
2016-08-26,0.3300,0.3300,0.3300,0.3300,0.3300,1470,0.0000,1.0000
2016-08-25,0.3511,0.3511,0.3511,0.3511,0.3511,12500,0.0000,1.0000
2016-08-24,0.3511,0.3511,0.3511,0.3511,0.3511,5000,0.0000,1.0000
2016-08-23,0.3659,0.3903,0.3659,0.3903,0.3903,71267,0.0000,1.0000
2016-08-22,0.3517,0.3517,0.3517,0.3517,0.3517,0,0.0000,1.0000
2016-08-19,0.3437,0.3517,0.3397,0.3517,0.3517,9650,0.0000,1.0000
2016-08-18,0.3476,0.3476,0.3476,0.3476,0.3476,1000,0.0000,1.0000
2016-08-17,0.3440,0.3440,0.3440,0.3440,0.3440,0,0.0000,1.0000
2016-08-16,0.3440,0.3440,0.3440,0.3440,0.3440,4500,0.0000,1.0000
2016-08-15,0.3730,0.3730,0.3660,0.3660,0.3660,3000,0.0000,1.0000
2016-08-12,0.3670,0.3670,0.3670,0.3670,0.3670,0,0.0000,1.0000
2016-08-11,0.3670,0.3670,0.3670,0.3670,0.3670,0,0.0000,1.0000
2016-08-10,0.3670,0.3670,0.3670,0.3670,0.3670,0,0.0000,1.0000
2016-08-09,0.3780,0.3780,0.3670,0.3670,0.3670,4000,0.0000,1.0000
2016-08-08,0.4198,0.4198,0.3470,0.3470,0.3470,14803,0.0000,1.0000
2016-08-05,0.3850,0.3850,0.3814,0.3814,0.3814,2052,0.0000,1.0000
2016-08-04,0.3810,0.3810,0.3810,0.3810,0.3810,5400,0.0000,1.0000
2016-08-03,0.3535,0.3870,0.3535,0.3870,0.3870,8910,0.0000,1.0000
2016-08-02,0.3890,0.3890,0.3680,0.3680,0.3680,99457,0.0000,1.0000
2016-08-01,0.3000,0.3000,0.3000,0.3000,0.3000,0,0.0000,1.0000
2016-07-29,0.3090,0.3090,0.3000,0.3000,0.3000,7090,0.0000,1.0000
2016-07-28,0.2940,0.3207,0.2940,0.3207,0.3207,6000,0.0000,1.0000
2016-07-27,0.2930,0.2930,0.2930,0.2930,0.2930,500,0.0000,1.0000
2016-07-26,0.2930,0.2930,0.2930,0.2930,0.2930,5000,0.0000,1.0000
2016-07-25,0.2930,0.2930,0.2930,0.2930,0.2930,45000,0.0000,1.0000
2016-07-22,0.2690,0.2690,0.2690,0.2690,0.2690,0,0.0000,1.0000
2016-07-21,0.2730,0.2730,0.2690,0.2690,0.2690,2750,0.0000,1.0000
2016-07-20,0.2732,0.2749,0.2712,0.2739,0.2739,27500,0.0000,1.0000
2016-07-19,0.2370,0.2370,0.2370,0.2370,0.2370,0,0.0000,1.0000
2016-07-18,0.2370,0.2370,0.2370,0.2370,0.2370,635,0.0000,1.0000
2016-07-15,0.2430,0.2530,0.2289,0.2400,0.2400,97500,0.0000,1.0000
2016-07-14,0.1650,0.1650,0.1650,0.1650,0.1650,0,0.0000,1.0000
2016-07-13,0.1650,0.1650,0.1650,0.1650,0.1650,0,0.0000,1.0000
2016-07-12,0.1660,0.1667,0.1650,0.1650,0.1650,30000,0.0000,1.0000
